INJURY_ID,TEAM,DATE,PLAYER,INJURY
1,Philadelphia 76ers,04/12/2017,"Saric, Dario",Sore left heel
2,Philadelphia 76ers,3/30/17,"Covington, Robert",Torn meniscus
3,Philadelphia 76ers,3/28/17,"Henderson, Gerald",Sore left hip
4,Philadelphia 76ers,3/28/17,"Rodriguez, Sergio",Left hamstring tightness
5,Philadelphia 76ers,3/24/17,"Okafor, Jahlil",Sore right knee
6,Philadelphia 76ers,3/19/17,"Anderson, Justin",Illness
7,Philadelphia 76ers,3/19/17,"Okafor, Jahlil",Sore right knee
8,Philadelphia 76ers,03/10/2017,"Henderson, Gerald",Sore hip
9,Philadelphia 76ers,03/04/2017,"Okafor, Jahlil",Sore right knee
10,Philadelphia 76ers,03/03/2017,"Henderson, Gerald",Sore hip
11,Philadelphia 76ers,2/15/17,"Covington, Robert",Head contusion
12,Philadelphia 76ers,02/08/2017,"Holmes, Richaun",Illness
13,Philadelphia 76ers,02/04/2017,"Okafor, Jahlil",Sore right knee
14,Philadelphia 76ers,02/01/2017,"Covington, Robert",Right hand contusion
15,Philadelphia 76ers,1/30/17,"Embiid, Joel",Left knee contusion
16,Philadelphia 76ers,1/24/17,"Okafor, Jahlil",Right knee soreness
17,Philadelphia 76ers,1/20/17,"Embiid, Joel",Left knee contusion
18,Philadelphia 76ers,1/16/17,"McConnell, T.J.",Sore wrist
19,Philadelphia 76ers,01/05/2017,"Covington, Robert",Lower back contusion
20,Philadelphia 76ers,01/05/2017,"Embiid, Joel",Illness
21,Philadelphia 76ers,01/02/2017,"Rodriguez, Sergio",Sprained left ankle
22,Philadelphia 76ers,12/30/16,"Okafor, Jahlil",Left hamstring tightness
23,Philadelphia 76ers,12/27/16,"Henderson, Gerald",Sore hip
24,Philadelphia 76ers,12/24/16,"Stauskas, Nik",Right knee soreness
25,Philadelphia 76ers,12/23/16,"Holmes, Richaun",Concussion
26,Philadelphia 76ers,12/18/16,"Stauskas, Nik",Sore left knee
27,Philadelphia 76ers,12/16/16,"Embiid, Joel",Sore knee
28,Philadelphia 76ers,12/16/16,"Saric, Dario",Bruised shin
29,Philadelphia 76ers,12/11/2016,"Rodriguez, Sergio",Illness
30,Philadelphia 76ers,12/10/2016,"Embiid, Joel",Right elbow inflammation
31,Philadelphia 76ers,12/05/2016,"Covington, Robert",Sore knee
32,Philadelphia 76ers,12/05/2016,"Okafor, Jahlil",Illness
33,Philadelphia 76ers,12/02/2016,"Covington, Robert",Left ankle sprain
34,Philadelphia 76ers,11/28/16,"Bayless, Jerryd",Left wrist surgery
35,Philadelphia 76ers,11/23/16,"Henderson, Gerald",Illness
36,Philadelphia 76ers,11/19/16,"Embiid, Joel",Sore ankle
37,Philadelphia 76ers,10/24/16,"Bayless, Jerryd",Sore wrist
38,Philadelphia 76ers,10/24/16,"Splitter, Tiago",Right hamstring strain
39,Philadelphia 76ers,10/01/2016,"Simmons, Ben",Fractured foot
40,Milwaukee Bucks,3/31/17,"Brogdon, Malcolm",Sore back
41,Milwaukee Bucks,3/22/17,"Henson, John",Sprained left thumb
42,Milwaukee Bucks,3/15/17,"Vaughn, Rashad",Right foot
43,Milwaukee Bucks,03/10/2017,"Brogdon, Malcolm",Sore back
44,Milwaukee Bucks,03/09/2017,"Teletovic, Mirza",Sore hamstring
45,Milwaukee Bucks,2/27/17,"Beasley, Michael",Sprained left knee
46,Milwaukee Bucks,02/12/2017,"Jones, Terrence",Right thumb sprain
47,Milwaukee Bucks,02/08/2017,"Parker, Jabari",Sprained left knee
48,Milwaukee Bucks,01/08/2017,"Antetokounmpo, Giannis",Illness
49,Milwaukee Bucks,12/30/16,"Dellavedova, Matthew",Sore hamstring
50,Milwaukee Bucks,12/26/16,"Teletovic, Mirza",Illness
51,Milwaukee Bucks,12/23/16,"Jones, Terrence",Illness
52,Milwaukee Bucks,12/23/16,"Vaughn, Rashad",Sore ankle
53,Milwaukee Bucks,12/14/16,"Beasley, Michael",Sprained left foot
54,Milwaukee Bucks,11/22/16,"Jones, Terrence",Illness
55,Milwaukee Bucks,10/26/16,"Snell, Tony",Sore ankle
56,Milwaukee Bucks,10/24/16,"Beasley, Michael",Sore elbow
57,Milwaukee Bucks,10/24/16,"Middleton, Khris",Hamstring surgery
58,Chicago Bulls,4/21/17,"Rondo, Rajon",Fractured right thumb
59,Chicago Bulls,04/05/2017,"Rondo, Rajon",Sprained right wrist
60,Chicago Bulls,3/22/17,"Felicio, Cristiano",Lower back contusion
61,Chicago Bulls,3/15/17,"Payne, Cameron",Sore right foot
62,Chicago Bulls,3/15/17,"Wade, Dwyane",Fractured elbow
63,Chicago Bulls,03/06/2017,"Rondo, Rajon",Sprained right ankle
64,Chicago Bulls,03/06/2017,"Wade, Dwyane",Strained left quad
65,Chicago Bulls,2/25/17,"Carter-Williams, Michael",Patellar tendinitis
66,Chicago Bulls,02/12/2017,"Butler, Jimmy",Heel contusion
67,Chicago Bulls,02/12/2017,"Mirotic, Nikola",Back spasms
68,Chicago Bulls,02/12/2017,"Wade, Dwyane",Right wrist contusion
69,Chicago Bulls,02/09/2017,"Zipser, Paul",Left ankle tendinitis
70,Chicago Bulls,02/08/2017,"Wade, Dwyane",Illness
71,Chicago Bulls,02/06/2017,"Felicio, Cristiano",Right lower leg strain
72,Chicago Bulls,02/03/2017,"Butler, Jimmy",Heel contusion
73,Chicago Bulls,01/12/2017,"Valentine, Denzel",Illness
74,Chicago Bulls,01/10/2017,"Butler, Jimmy",Illness
75,Chicago Bulls,01/10/2017,"Mirotic, Nikola",Illness
76,Chicago Bulls,01/03/2017,"Valentine, Denzel",Sore left ankle
77,Chicago Bulls,01/02/2017,"Wade, Dwyane",Knee swelling
78,Chicago Bulls,12/13/16,"Rondo, Rajon",Sore ankle
79,Chicago Bulls,11/30/16,"Wade, Dwyane",Sore tooth
80,Chicago Bulls,11/22/16,"Zipser, Paul",Sore back
81,Chicago Bulls,11/14/16,"Rondo, Rajon",Sore ankle
82,Chicago Bulls,11/01/2016,"Carter-Williams, Michael",Bruised knee
83,Chicago Bulls,10/24/16,"Felicio, Cristiano",Sore neck
84,Chicago Bulls,10/16/16,"Payne, Cameron",Right foot fracture
85,Chicago Bulls,10/04/2016,"Valentine, Denzel",Sprained ankle
86,Cleveland Cavaliers,4/19/17,"Smith, J.R.",Sore hamstring
87,Cleveland Cavaliers,04/10/2017,"Felder, Kay",Sore leg
88,Cleveland Cavaliers,04/10/2017,"Irving, Kyrie",Left knee tendinitis
89,Cleveland Cavaliers,04/10/2017,"James, LeBron",Strained right calf
90,Cleveland Cavaliers,04/05/2017,"Thompson, Tristan",Sore thumb
91,Cleveland Cavaliers,3/30/17,"Jefferson, Richard",Left knee tendinitis
92,Cleveland Cavaliers,3/27/17,"Korver, Kyle",Sore left foot
93,Cleveland Cavaliers,3/25/17,"Shumpert, Iman",Sore right knee
94,Cleveland Cavaliers,3/16/17,"Williams, Derrick",Right quad contusion
95,Cleveland Cavaliers,03/08/2017,"Bogut, Andrew",Fractured left tibia
96,Cleveland Cavaliers,03/08/2017,"Korver, Kyle",Sore left foot
97,Cleveland Cavaliers,2/26/17,"Korver, Kyle",Sore knee
98,Cleveland Cavaliers,2/25/17,"James, LeBron",Illness
99,Cleveland Cavaliers,2/13/17,"Williams, Deron",Illness
100,Cleveland Cavaliers,02/12/2017,"Love, Kevin",Sore left knee
101,Cleveland Cavaliers,02/08/2017,"Shumpert, Iman",Sprained left ankle
102,Cleveland Cavaliers,02/04/2017,"Irving, Kyrie",Sore right quad
103,Cleveland Cavaliers,02/01/2017,"Love, Kevin",Lower back spasms
104,Cleveland Cavaliers,1/30/17,"Bogut, Andrew",Sore hamstring
105,Cleveland Cavaliers,1/25/17,"Williams, Deron",Sprained toe
106,Cleveland Cavaliers,1/19/17,"Love, Kevin",Sore lower back
107,Cleveland Cavaliers,01/11/2017,"Bogut, Andrew",Strained hamstring
108,Cleveland Cavaliers,01/04/2017,"Love, Kevin",Illness
109,Cleveland Cavaliers,01/02/2017,"Williams, Deron",Illness
110,Cleveland Cavaliers,12/31/16,"Irving, Kyrie",Right hamstring
111,Cleveland Cavaliers,12/24/16,"Korver, Kyle",Illness
112,Cleveland Cavaliers,12/21/16,"Smith, J.R.",Fractured right thumb
113,Cleveland Cavaliers,12/19/16,"Love, Kevin",Sore knee
114,Cleveland Cavaliers,12/09/2016,"Love, Kevin",Sore back
115,Cleveland Cavaliers,12/06/2016,"Bogut, Andrew",Bruised right knee
116,Cleveland Cavaliers,12/05/2016,"Smith, J.R.",Bruised left knee
117,Cleveland Cavaliers,11/30/16,"Williams, Derrick",Back spasms
118,Cleveland Cavaliers,11/27/16,"Shumpert, Iman",Sore hamstring
119,Cleveland Cavaliers,11/21/16,"Bogut, Andrew",Sore calf
120,Cleveland Cavaliers,11/18/16,"Williams, Deron",Sore calf
121,Cleveland Cavaliers,11/13/16,"Smith, J.R.",Sore right ankle
122,Cleveland Cavaliers,11/06/2016,"Williams, Deron",Sore calf
123,Cleveland Cavaliers,11/03/2016,"Williams, Deron",Groin strain
124,Cleveland Cavaliers,10/24/16,"Felder, Kay",Concussion
125,Boston Celtics,05/01/2017,"Thomas, Isaiah",Sore hip
126,Boston Celtics,04/08/2017,"Johnson, Amir",Illness
127,Boston Celtics,04/08/2017,"Young, James",Illness
128,Boston Celtics,04/04/2017,"Crowder, Jae",Sore elbow
129,Boston Celtics,3/31/17,"Bradley, Avery",Illness
130,Boston Celtics,3/31/17,"Johnson, Amir",Sore ankle
131,Boston Celtics,3/28/17,"Jerebko, Jonas",Sore knee
132,Boston Celtics,3/24/17,"Bradley, Avery",Illness
133,Boston Celtics,3/16/17,"Thomas, Isaiah",Right knee bone bruise
134,Boston Celtics,03/10/2017,"Young, James",Sore lower back
135,Boston Celtics,03/05/2017,"Bradley, Avery",Sore hamstring
136,Boston Celtics,03/05/2017,"Horford, Al",Sprained elbow
137,Boston Celtics,2/23/17,"Green, Gerald",Bruised left heel
138,Boston Celtics,2/13/17,"Brown, Jaylen",Strained right hip
139,Boston Celtics,02/01/2017,"Olynyk, Kelly",Strained left shoulder
140,Boston Celtics,1/27/17,"Horford, Al",Strained Groin
141,Boston Celtics,1/18/17,"Bradley, Avery",Sore right Achilles
142,Boston Celtics,01/11/2017,"Bradley, Avery",Strained Achilles
143,Boston Celtics,01/11/2017,"Brown, Jaylen",Sore ankle
144,Boston Celtics,01/11/2017,"Johnson, Amir",Sprained Ankle
145,Boston Celtics,01/07/2017,"Bradley, Avery",Illness
146,Boston Celtics,01/07/2017,"Young, James",Sore ankle
147,Boston Celtics,01/02/2017,"Smart, Marcus",Illness
148,Boston Celtics,01/02/2017,"Zeller, Tyler",Sinus infection
149,Boston Celtics,12/30/16,"Bradley, Avery",Illness
150,Boston Celtics,12/06/2016,"Thomas, Isaiah",Pulled groin
151,Boston Celtics,11/02/2016,"Bradley, Avery",Sore shoulder
152,Boston Celtics,11/02/2016,"Crowder, Jae",Sprained left ankle
153,Boston Celtics,11/02/2016,"Horford, Al",Concussion
154,Boston Celtics,10/26/16,"Olynyk, Kelly",Sore shoulder
155,Boston Celtics,10/20/16,"Smart, Marcus",Sprained ankle
156,LA Clippers,4/21/17,"Griffin, Blake",Broken toe
157,LA Clippers,3/30/17,"Rivers, Austin",Sore hamstring
158,LA Clippers,3/26/17,"Redick, J.J.",Sore ankle
159,LA Clippers,1/17/17,"Paul, Chris",Torn left thumb ligament
160,LA Clippers,01/08/2017,"Rivers, Austin",Illness
161,LA Clippers,01/01/2017,"Johnson, Wesley",Sprained left ankle
162,LA Clippers,12/30/16,"Johnson, Wesley",Sprained left ankle
163,LA Clippers,12/30/16,"Paul, Chris",Sore left hamstring
164,LA Clippers,12/26/16,"Redick, J.J.",Sore hamstring
165,LA Clippers,12/23/16,"Paul, Chris",Sore left hamstring
166,LA Clippers,12/19/16,"Griffin, Blake",Right knee surgery
167,LA Clippers,12/14/16,"Mbah a Moute, Luc Richard",Right shoulder sprain
168,LA Clippers,12/11/2016,"Rivers, Austin",Mild concussion
169,LA Clippers,12/09/2016,"Griffin, Blake",Sore right knee
170,LA Clippers,11/12/2016,"Johnson, Wesley",Sore heel
171,LA Clippers,10/24/16,"Johnson, Brice",Sore back
172,LA Clippers,10/24/16,"Pierce, Paul",Sprained right ankle
173,LA Clippers,10/16/16,"Paul, Chris",Sprained left thumb
174,LA Clippers,10/15/16,"Anderson, Alan",Ankle
175,Memphis Grizzlies,4/13/17,"Allen, Tony",Strained right calf
176,Memphis Grizzlies,04/05/2017,"Conley, Mike",Sore eye
177,Memphis Grizzlies,04/03/2017,"Allen, Tony",Left eye
178,Memphis Grizzlies,3/31/17,"Green, JaMychal",Sore left shoulder
179,Memphis Grizzlies,3/30/17,"Harrison, Andrew",Sore right ankle
180,Memphis Grizzlies,3/26/17,"Gasol, Marc",Strained left foot
181,Memphis Grizzlies,3/22/17,"Allen, Tony",Sore left knee
182,Memphis Grizzlies,3/13/17,"Parsons, Chandler",Torn left meniscus
183,Memphis Grizzlies,03/09/2017,"Parsons, Chandler",Left knee soreness
184,Memphis Grizzlies,02/08/2017,"Randolph, Zach",Sore left foot
185,Memphis Grizzlies,1/25/17,"Daniels, Troy",Sore right knee
186,Memphis Grizzlies,1/25/17,"Green, JaMychal",Sore left knee
187,Memphis Grizzlies,1/25/17,"Parsons, Chandler",Sore left knee
188,Memphis Grizzlies,01/04/2017,"Green, JaMychal",Facial contusion
189,Memphis Grizzlies,01/01/2017,"Gasol, Marc",Sprained left ankle
190,Memphis Grizzlies,12/27/16,"Conley, Mike",Sore toe
191,Memphis Grizzlies,12/15/16,"Davis, Deyonta",Left foot plantar fasciitis
192,Memphis Grizzlies,12/09/2016,"Daniels, Troy",Illness
193,Memphis Grizzlies,11/29/16,"Carter, Vince",Sore hip
194,Memphis Grizzlies,11/29/16,"Conley, Mike",Sore back
195,Memphis Grizzlies,11/21/16,"Ennis III, James",Right calf
196,Memphis Grizzlies,11/19/16,"Parsons, Chandler",Sore knee
197,Memphis Grizzlies,11/17/16,"Conley, Mike",Sore quad
198,Memphis Grizzlies,11/17/16,"Ennis III, James",Sore toe
199,Memphis Grizzlies,11/13/16,"Conley, Mike",Sore hamstring
200,Memphis Grizzlies,11/12/2016,"Parsons, Chandler",Sore left knee
201,Memphis Grizzlies,11/08/2016,"Allen, Tony",Strained right groin
202,Memphis Grizzlies,11/07/2016,"Conley, Mike",Sore hamstring
203,Memphis Grizzlies,11/05/2016,"Conley, Mike",Sore Achilles
204,Memphis Grizzlies,11/02/2016,"Baldwin IV, Wade",Sore Quad
205,Memphis Grizzlies,11/02/2016,"Martin, Jarell",Sore foot
206,Memphis Grizzlies,10/30/16,"Green, JaMychal",Sore ankle
207,Memphis Grizzlies,10/30/16,"Harrison, Andrew",Sore hip
208,Memphis Grizzlies,10/28/16,"Baldwin IV, Wade",Sore knee
209,Memphis Grizzlies,10/26/16,"Allen, Tony",Right knee
210,Memphis Grizzlies,10/24/16,"Martin, Jarell",Bruised foot
211,Memphis Grizzlies,10/24/16,"Parsons, Chandler",Sore knee
212,Memphis Grizzlies,10/24/16,"Wright, Brandan",Sore ankle
213,Memphis Grizzlies,10/15/16,"Gasol, Marc",Sore right ankle
214,Atlanta Hawks,04/07/2017,"Hardaway Jr., Tim",Sore knee
215,Atlanta Hawks,04/07/2017,"Millsap, Paul",Sore knee
216,Atlanta Hawks,04/07/2017,"Schroder, Dennis",Sprained right foot
217,Atlanta Hawks,04/01/2017,"Delaney, Malcolm",Back spasms
218,Atlanta Hawks,3/26/17,"Sefolosha, Thabo",Right groin strain
219,Atlanta Hawks,3/19/17,"Bazemore, Kent",Sore knee
220,Atlanta Hawks,3/18/17,"Millsap, Paul",Left knee tightness
221,Atlanta Hawks,2/27/17,"Dunleavy, Mike",Sore ankle
222,Atlanta Hawks,1/28/17,"Sefolosha, Thabo",Sore groin
223,Atlanta Hawks,1/15/17,"Muscala, Mike",Sore left ankle
224,Atlanta Hawks,01/01/2017,"Dunleavy, Mike",Sprained right ankle
225,Atlanta Hawks,12/21/16,"Hardaway Jr., Tim",Sore groin
226,Atlanta Hawks,12/19/16,"Howard, Dwight",Sore back
227,Atlanta Hawks,12/17/16,"Delaney, Malcolm",Sore ankle
228,Atlanta Hawks,12/07/2016,"Bazemore, Kent",Sore knee
229,Atlanta Hawks,12/07/2016,"Hardaway Jr., Tim",Knee
230,Atlanta Hawks,12/04/2016,"Calder?n, Jos_",Strained hamstring
231,Atlanta Hawks,12/02/2016,"Dunleavy, Mike",Concussion
232,Atlanta Hawks,11/30/16,"Millsap, Paul",Sore hip
233,Atlanta Hawks,11/20/16,"Hardaway Jr., Tim",Head
234,Atlanta Hawks,11/16/16,"Howard, Dwight",Left quad contusion
235,Atlanta Hawks,11/16/16,"Sefolosha, Thabo",Sprained left knee
236,Atlanta Hawks,10/24/16,"Calder?n, Jos_",Strained left calf
237,Miami Heat,04/05/2017,"Babbitt, Luke",Strained right hip flexor
238,Miami Heat,3/22/17,"Whiteside, Hassan",Lacerated right hand
239,Miami Heat,3/18/17,"Waiters, Dion",Left ankle sprain
240,Miami Heat,03/06/2017,"Johnson, James",Sore elbow
241,Miami Heat,03/06/2017,"Johnson, Tyler",Sore shoulder
242,Miami Heat,2/26/17,"Reed, Willie",Calf strain
243,Miami Heat,02/08/2017,"Waiters, Dion",Sprained left ankle
244,Miami Heat,1/26/17,"Whiteside, Hassan",Sprained right ankle
245,Miami Heat,1/21/17,"Johnson, Tyler",Sprained left shoulder
246,Miami Heat,1/13/17,"Reed, Willie",Bruised sternum
247,Miami Heat,01/08/2017,"Babbitt, Luke",Illness
248,Miami Heat,01/07/2017,"Richardson, Josh",Sore left foot
249,Miami Heat,01/03/2017,"Johnson, James",Illness
250,Miami Heat,01/03/2017,"Johnson, Tyler",Migraine
251,Miami Heat,01/01/2017,"Whiteside, Hassan",Eye
252,Miami Heat,01/01/2017,"Winslow, Justise",Sore shoulder
253,Miami Heat,12/30/16,"Dragic, Goran",Back spasms
254,Miami Heat,12/27/16,"Dragic, Goran",Back spasms
255,Miami Heat,12/27/16,"McRoberts, Josh",Foot stress reaction
256,Miami Heat,12/19/16,"McGruder, Rodney",Sprained ankle
257,Miami Heat,12/17/16,"Ellington, Wayne",Strained right hamstring
258,Miami Heat,12/16/16,"Johnson, Tyler",Illness
259,Miami Heat,12/07/2016,"McGruder, Rodney",Sore ankle
260,Miami Heat,12/05/2016,"Johnson, James",Sore shoulder
261,Miami Heat,12/02/2016,"Babbitt, Luke",Right hip strain
262,Miami Heat,11/30/16,"Richardson, Josh",Sore ankle
263,Miami Heat,11/28/16,"Johnson, Tyler",Lost tooth
264,Miami Heat,11/27/16,"Waiters, Dion",Sore groin
265,Miami Heat,11/25/16,"Dragic, Goran",Sore left elbow
266,Miami Heat,11/20/16,"Reed, Willie",Sore knee
267,Miami Heat,11/19/16,"Waiters, Dion",Pulled groin
268,Miami Heat,11/15/16,"Winslow, Justise",Wrist injury
269,Miami Heat,11/11/2016,"Dragic, Goran",Sprained left ankle
270,Miami Heat,11/07/2016,"Ellington, Wayne",Right thigh contusion
271,Miami Heat,10/24/16,"Bosh, Chris",Blood clots
272,Miami Heat,10/24/16,"Ellington, Wayne",Strained quadriceps
273,Miami Heat,10/24/16,"McRoberts, Josh",Sore foot
274,Miami Heat,10/24/16,"Richardson, Josh",Sore knee
275,Miami Heat,10/15/16,"Babbitt, Luke",Right groin
276,Miami Heat,10/15/16,"White, Okaro",Sprained left ankle
277,Charlotte Hornets,04/10/2017,"Walker, Kemba",Sore left knee
278,Charlotte Hornets,04/08/2017,"Belinelli, Marco",Strained finger
279,Charlotte Hornets,3/20/17,"Kidd-Gilchrist, Michael",Strained right ankle
280,Charlotte Hornets,3/13/17,"Batum, Nicolas",Migraine
281,Charlotte Hornets,03/09/2017,"O'Bryant III, Johnny",Sprained right ankle
282,Charlotte Hornets,03/06/2017,"Kaminsky, Frank",Sprained left shoulder
283,Charlotte Hornets,2/28/17,"Williams, Marvin",Strained right shoulder
284,Charlotte Hornets,2/14/17,"Plumlee, Miles",Sore calf
285,Charlotte Hornets,2/14/17,"Williams, Marvin",Illness
286,Charlotte Hornets,02/11/2017,"Zeller, Cody",Sore quad
287,Charlotte Hornets,02/04/2017,"Sessions, Ramon","Torn meniscus, left knee"
288,Charlotte Hornets,1/25/17,"Zeller, Cody",Quad contusion
289,Charlotte Hornets,1/23/17,"Roberts, Brian",Illness
290,Charlotte Hornets,01/12/2017,"Lamb, Jeremy",Sore foot
291,Charlotte Hornets,01/09/2017,"Zeller, Cody",Illness
292,Charlotte Hornets,01/06/2017,"Batum, Nicolas",Strained right knee
293,Charlotte Hornets,01/02/2017,"Zeller, Cody",Concussion
294,Charlotte Hornets,01/01/2017,"Plumlee, Miles",Sore finger
295,Charlotte Hornets,12/24/16,"Belinelli, Marco",Sprained left ankle
296,Charlotte Hornets,12/17/16,"Lamb, Jeremy",Strained rib cage
297,Charlotte Hornets,12/16/16,"Andersen, Chris",Torn right ACL
298,Charlotte Hornets,12/11/2016,"Walker, Kemba",Left knee contusion
299,Charlotte Hornets,11/27/16,"Belinelli, Marco",Sore hamstring
300,Charlotte Hornets,11/26/16,"Batum, Nicolas",Eye laceration
301,Charlotte Hornets,11/26/16,"Williams, Marvin",Hyperextended left knee
302,Charlotte Hornets,11/21/16,"Kaminsky, Frank",Sprained left ankle
303,Charlotte Hornets,11/21/16,"Wood, Christian",Ankle sprain
304,Charlotte Hornets,11/19/16,"Zeller, Cody",Sore shoulder
305,Charlotte Hornets,11/17/16,"Graham, Treveon",Sore achilles
306,Charlotte Hornets,11/11/2016,"Kidd-Gilchrist, Michael",Sore lower back
307,Charlotte Hornets,11/08/2016,"Kidd-Gilchrist, Michael",Sore back
308,Charlotte Hornets,11/06/2016,"Williams, Marvin",Viral infection
309,Charlotte Hornets,11/02/2016,"Wood, Christian",Illness
310,Charlotte Hornets,10/29/16,"Lamb, Jeremy",Left hamstring strain
311,Charlotte Hornets,10/24/16,"Kaminsky, Frank",Sore foot
312,Charlotte Hornets,10/24/16,"Roberts, Brian",Sore hamstring
313,Charlotte Hornets,10/24/16,"Zeller, Cody",Sore knee
314,Utah Jazz,05/04/2017,"Hill, George",Sore toe
315,Utah Jazz,4/20/17,"Burks, Alec",Sore left knee
316,Utah Jazz,4/16/17,"Gobert, Rudy",Hyperextended left knee
317,Utah Jazz,04/10/2017,"Hayward, Gordon",Left quad contusion
318,Utah Jazz,04/10/2017,"Neto, Raul",Sprained right ankle
319,Utah Jazz,04/09/2017,"Favors, Derrick",Sore left knee
320,Utah Jazz,04/09/2017,"Hood, Rodney",Sore right knee
321,Utah Jazz,04/06/2017,"Neto, Raul",Strained right groin
322,Utah Jazz,04/06/2017,"Withey, Jeff",Illness
323,Utah Jazz,04/04/2017,"Hood, Rodney",Sore knee
324,Utah Jazz,3/29/17,"Hill, George",Groin strain
325,Utah Jazz,3/25/17,"Hayward, Gordon",Left quadriceps contusion
326,Utah Jazz,3/16/17,"Hood, Rodney",Sore right knee
327,Utah Jazz,03/11/2017,"Gobert, Rudy",Sore right leg
328,Utah Jazz,03/08/2017,"Favors, Derrick",Sore right knee
329,Utah Jazz,03/06/2017,"Hill, George",Toe soreness
330,Utah Jazz,03/06/2017,"Mack, Shelvin",Sprained left ankle
331,Utah Jazz,03/05/2017,"Johnson, Joe",Sore left groin
332,Utah Jazz,03/01/2017,"Hood, Rodney",Sore right knee
333,Utah Jazz,02/01/2017,"Hood, Rodney",Hyperextended right knee
334,Utah Jazz,1/15/17,"Hood, Rodney",Sore knee
335,Utah Jazz,01/01/2017,"Hill, George",Concussion
336,Utah Jazz,12/21/16,"Exum, Dant_",Left knee tendinitis
337,Utah Jazz,12/21/16,"Hood, Rodney",Illness
338,Utah Jazz,12/13/16,"Exum, Dant_",Sore knee
339,Utah Jazz,12/08/2016,"Hayward, Gordon",Sprained finger
340,Utah Jazz,12/06/2016,"Hood, Rodney",Sore hamstring
341,Utah Jazz,12/03/2016,"Hood, Rodney",Sore hamstring
342,Utah Jazz,12/01/2016,"Hill, George",Sore toe
343,Utah Jazz,11/22/16,"Johnson, Joe",Illness
344,Utah Jazz,11/15/16,"Favors, Derrick",Reaggravated left knee soreness
345,Utah Jazz,11/14/16,"Hood, Rodney",Illness
346,Utah Jazz,11/12/2016,"Favors, Derrick",Sore left knee
347,Utah Jazz,11/07/2016,"Hill, George",Sore thumb
348,Utah Jazz,11/01/2016,"Diaw, Boris",Leg contusion
349,Utah Jazz,10/24/16,"Burks, Alec",Sore leg
350,Utah Jazz,10/24/16,"Favors, Derrick",Sore knee
351,Utah Jazz,10/07/2016,"Hayward, Gordon",Broken finger
352,Sacramento Kings,3/27/17,"Evans, Tyreke",Sore knee
353,Sacramento Kings,3/26/17,"Lawson, Ty",Sore knee
354,Sacramento Kings,3/18/17,"Evans, Tyreke",Sore left ankle
355,Sacramento Kings,2/27/17,"Afflalo, Arron",Sore left hamstring
356,Sacramento Kings,2/21/17,"Richardson, Malachi",Torn right hamstring
357,Sacramento Kings,02/09/2017,"Lawson, Ty",Strained left hamstring
358,Sacramento Kings,02/07/2017,"Evans, Tyreke",Sprained left ankle
359,Sacramento Kings,02/02/2017,"Temple, Garrett",Strained hamstring
360,Sacramento Kings,1/31/17,"Evans, Tyreke",Sore left ankle
361,Sacramento Kings,1/19/17,"Gay, Rudy",Torn left Achilles
362,Sacramento Kings,1/18/17,"Lawson, Ty",Sore ankle
363,Sacramento Kings,01/05/2017,"Evans, Tyreke",Back spasms
364,Sacramento Kings,01/01/2017,"Lawson, Ty",Sinus fracture
365,Sacramento Kings,12/28/16,"Gay, Rudy",Right hip flexor
366,Sacramento Kings,12/26/16,"Afflalo, Arron",Sore elbow
367,Sacramento Kings,12/13/16,"Gay, Rudy",Strained right hip flexor
368,Sacramento Kings,12/13/16,"McLemore, Ben",Sore quad
369,Sacramento Kings,11/05/2016,"Gay, Rudy",Sore rib
370,Sacramento Kings,11/05/2016,"Tolliver, Anthony",Right knee sprain
371,Sacramento Kings,10/24/16,"Evans, Tyreke",Knee surgery
372,New York Knicks,04/08/2017,"Anthony, Carmelo",Sore lower back
373,New York Knicks,04/06/2017,"Porzingis, Kristaps",Sore back
374,New York Knicks,04/06/2017,"Randle, Chasson",Sprained left ankle
375,New York Knicks,3/31/17,"Anthony, Carmelo",Sore back
376,New York Knicks,3/29/17,"Rose, Derrick",Torn meniscus
377,New York Knicks,3/23/17,"Rose, Derrick",Right foot injury
378,New York Knicks,3/23/17,"Thomas, Lance",Sore right hip
379,New York Knicks,3/15/17,"Porzingis, Kristaps",Left thigh contusion
380,New York Knicks,03/06/2017,"Anthony, Carmelo",Sore left knee
381,New York Knicks,03/01/2017,"Ndour, Maurice",Sore ankle
382,New York Knicks,2/28/17,"Hernang?mez, Guillermo",Sprained left ankle
383,New York Knicks,2/23/17,"Porzingis, Kristaps",Sprained right ankle
384,New York Knicks,2/22/17,"Lee, Courtney",Illness
385,New York Knicks,02/06/2017,"Noah, Joakim",Sore left hamstring
386,New York Knicks,1/31/17,"Porzingis, Kristaps",Illness
387,New York Knicks,1/28/17,"Rose, Derrick",Sprained left ankle
388,New York Knicks,1/18/17,"Noah, Joakim",Sore left ankle
389,New York Knicks,1/16/17,"Thomas, Lance",Fractured orbital bone
390,New York Knicks,01/12/2017,"Porzingis, Kristaps",Sore left Achilles
391,New York Knicks,01/09/2017,"Kuzminskas, Mindaugas",Illness
392,New York Knicks,01/01/2017,"Anthony, Carmelo",Sore knee
393,New York Knicks,01/01/2017,"O'Quinn, Kyle",Illness
394,New York Knicks,01/01/2017,"Porzingis, Kristaps",Sore Achilles
395,New York Knicks,12/27/16,"Lee, Courtney",Sore right wrist
396,New York Knicks,12/15/16,"Anthony, Carmelo",Sore shoulder
397,New York Knicks,12/14/16,"Rose, Derrick",Back spasms
398,New York Knicks,12/11/2016,"O'Quinn, Kyle",Sprained ankle
399,New York Knicks,12/07/2016,"Rose, Derrick",Back strain
400,New York Knicks,11/30/16,"Lee, Courtney",Left ankle sprain
401,New York Knicks,11/30/16,"Noah, Joakim",Sore ankle
402,New York Knicks,11/20/16,"Noah, Joakim",Illness
403,New York Knicks,11/12/2016,"Thomas, Lance",Sore left ankle
404,New York Knicks,10/28/16,"Baker, Ron",Sore ankle
405,New York Knicks,10/15/16,"Porzingis, Kristaps",Sore left groin
406,New York Knicks,10/15/16,"Randle, Chasson",Face
407,Los Angeles Lakers,4/22/17,"Mozgov, Timofey",Sore ankle
408,Los Angeles Lakers,04/06/2017,"Clarkson, Jordan",Left knee contusion
409,Los Angeles Lakers,04/05/2017,"Russell, D'Angelo",Sore knee
410,Los Angeles Lakers,04/03/2017,"Black, Tarik",Sprained left knee
411,Los Angeles Lakers,3/31/17,"Zubac, Ivica",Sprained right ankle
412,Los Angeles Lakers,3/26/17,"Ingram, Brandon",Knee tendinitis
413,Los Angeles Lakers,3/23/17,"Ingram, Brandon",Right paterllar tendinitis
414,Los Angeles Lakers,3/22/17,"Mozgov, Timofey",Left ankle sprain
415,Los Angeles Lakers,3/20/17,"Ennis, Tyler",Tweaked left shoulder
416,Los Angeles Lakers,3/19/17,"Young, Nick",Illness
417,Los Angeles Lakers,3/18/17,"Black, Tarik",Illness
418,Los Angeles Lakers,03/06/2017,"Nance Jr., Larry",Sprained right wrist
419,Los Angeles Lakers,03/06/2017,"Zubac, Ivica",Quad contusion
420,Los Angeles Lakers,2/28/17,"Robinson, Thomas",Illness
421,Los Angeles Lakers,02/09/2017,"Clarkson, Jordan",Sprained right thumb
422,Los Angeles Lakers,02/03/2017,"Randle, Julius",Illness
423,Los Angeles Lakers,1/26/17,"Randle, Julius",Illness
424,Los Angeles Lakers,1/21/17,"Russell, D'Angelo",Sprained knee ligament
425,Los Angeles Lakers,1/17/17,"Deng, Luol",Sore wrist
426,Los Angeles Lakers,1/16/17,"Black, Tarik",Sprained Ankle
427,Los Angeles Lakers,1/16/17,"Clarkson, Jordan",Sprained Ankle
428,Los Angeles Lakers,01/07/2017,"Randle, Julius",Sprained left finger
429,Los Angeles Lakers,01/04/2017,"Deng, Luol",Right biceps tendinitis
430,Los Angeles Lakers,12/21/16,"Nance Jr., Larry",Left knee bone bruise
431,Los Angeles Lakers,12/17/16,"Black, Tarik",Right ankle soreness
432,Los Angeles Lakers,12/06/2016,"Black, Tarik",Sprained ankle
433,Los Angeles Lakers,12/03/2016,"Nance Jr., Larry",Sore knee
434,Los Angeles Lakers,11/30/16,"Young, Nick",Strained right calf
435,Los Angeles Lakers,11/27/16,"Randle, Julius",Sore hip
436,Los Angeles Lakers,11/25/16,"Young, Nick",Sore toe
437,Los Angeles Lakers,11/21/16,"Russell, D'Angelo",Sore knee
438,Los Angeles Lakers,11/18/16,"Russell, D'Angelo",Sore knee
439,Los Angeles Lakers,11/17/16,"Young, Nick",Illness
440,Los Angeles Lakers,11/12/2016,"Ingram, Brandon",Left ankle
441,Los Angeles Lakers,11/11/2016,"Zubac, Ivica",Sore back
442,Los Angeles Lakers,11/07/2016,"Nance Jr., Larry",Concussion
443,Los Angeles Lakers,11/02/2016,"Mozgov, Timofey",Left eye contusion
444,Orlando Magic,04/06/2017,"Fournier, Evan",Sore right wrist
445,Orlando Magic,3/23/17,"Gordon, Aaron",Sore left hip
446,Orlando Magic,3/22/17,"Green, Jeff",Back spasms
447,Orlando Magic,3/19/17,"Vucevic, Nikola",Sore Achilles
448,Orlando Magic,03/05/2017,"Vucevic, Nikola",Sore right Achilles
449,Orlando Magic,2/28/17,"Gordon, Aaron",Right quad contusion
450,Orlando Magic,2/15/17,"Watson, C.J.",Sore right Achilles
451,Orlando Magic,02/08/2017,"Gordon, Aaron",Sprained right foot
452,Orlando Magic,1/22/17,"Augustin, D.J.",Sprained right ankle
453,Orlando Magic,1/20/17,"Wilcox, C.J.",Left Achilles tendinitis
454,Orlando Magic,1/18/17,"Meeks, Jodie",Dislocated right thumb
455,Orlando Magic,1/17/17,"Biyombo, Bismack",Right knee bruise
456,Orlando Magic,1/17/17,"Fournier, Evan",Sore right foot
457,Orlando Magic,1/14/17,"Fournier, Evan",Sore right foot
458,Orlando Magic,01/10/2017,"Payton, Elfrid",Right quad contusion
459,Orlando Magic,12/31/16,"Rudez, Damjan",Strained right calf
460,Orlando Magic,12/23/16,"Fournier, Evan",Sore heel
461,Orlando Magic,12/10/2016,"Vucevic, Nikola",Lower back contusion
462,Orlando Magic,12/08/2016,"Vucevic, Nikola",Right corneal abrasion
463,Orlando Magic,11/30/16,"Payton, Elfrid",Sore ankle
464,Orlando Magic,11/27/16,"Green, Jeff",Sore back
465,Orlando Magic,11/27/16,"Watson, C.J.",Illness
466,Orlando Magic,11/09/2016,"Fournier, Evan",Sore back
467,Orlando Magic,11/09/2016,"Ross, Terrence",Sprained right index finger
468,Orlando Magic,10/24/16,"Meeks, Jodie",Sore foot
469,Dallas Mavericks,04/03/2017,"Nowitzki, Dirk",Sore right Achilles
470,Dallas Mavericks,3/31/17,"Curry, Seth",Sore shoulder
471,Dallas Mavericks,3/27/17,"Curry, Seth",Sore shoulder
472,Dallas Mavericks,3/15/17,"Matthews, Wesley",Strained left calf
473,Dallas Mavericks,03/10/2017,"Noel, Nerlens",Sore left knee
474,Dallas Mavericks,2/28/17,"Matthews, Wesley",Sore hip
475,Dallas Mavericks,02/02/2017,"Noel, Nerlens",Illness
476,Dallas Mavericks,1/27/17,"Jackson, Pierre",Strained Hamstring
477,Dallas Mavericks,1/22/17,"Matthews, Wesley",Right hip strain
478,Dallas Mavericks,1/20/17,"Barea, J.J.",Strained calf
479,Dallas Mavericks,1/16/17,"Noel, Nerlens",Sprained Left Ankle
480,Dallas Mavericks,12/29/16,"Nowitzki, Dirk",Illness
481,Dallas Mavericks,12/23/16,"Barea, J.J.",Sore leg
482,Dallas Mavericks,12/14/16,"Noel, Nerlens",Sprained left ankle
483,Dallas Mavericks,12/01/2016,"Curry, Seth",Bruised knee
484,Dallas Mavericks,11/27/16,"Nowitzki, Dirk",Sore Achilles
485,Dallas Mavericks,11/16/16,"Barea, J.J.",Torn left calf muscle
486,Dallas Mavericks,11/04/2016,"Nowitzki, Dirk",Right Achilles soreness
487,Dallas Mavericks,11/02/2016,"Matthews, Wesley",Sore foot
488,Dallas Mavericks,10/28/16,"Nowitzki, Dirk",Illness
489,Dallas Mavericks,10/24/16,"Barea, J.J.",Sore elbow
490,Dallas Mavericks,10/24/16,"Harris, Devin",Sore foot
491,Dallas Mavericks,10/23/16,"Noel, Nerlens",Left knee surgery
492,Brooklyn Nets,04/10/2017,"Acy, Quincy",Sore left ankle
493,Brooklyn Nets,04/05/2017,"Kilpatrick, Sean",Tight left hamstring
494,Brooklyn Nets,04/03/2017,"Whitehead, Isaiah",Sprained left ankle
495,Brooklyn Nets,3/19/17,"Lin, Jeremy",Sore right ankle
496,Brooklyn Nets,3/18/17,"Harris, Joe",Sore shoulder
497,Brooklyn Nets,3/18/17,"Kilpatrick, Sean",Strained left hamstring
498,Brooklyn Nets,3/17/17,"Booker, Trevor",Left leg soreness
499,Brooklyn Nets,03/09/2017,"Lopez, Brook",Sprained right ankle
500,Brooklyn Nets,2/25/17,"LeVert, Caris",Illness
501,Brooklyn Nets,2/14/17,"Booker, Trevor",Sore right knee
502,Brooklyn Nets,02/06/2017,"Acy, Quincy",Sprained left ankle
503,Brooklyn Nets,02/06/2017,"LeVert, Caris",Sore right knee
504,Brooklyn Nets,1/27/17,"Booker, Trevor",Illness
505,Brooklyn Nets,1/21/17,"Harris, Joe",Sprained left ankle
506,Brooklyn Nets,1/13/17,"Whitehead, Isaiah",Sprained left knee
507,Brooklyn Nets,01/09/2017,"Booker, Trevor",Left hip contusion
508,Brooklyn Nets,01/04/2017,"Hollis-Jefferson, Rondae",Right hip tendinitis
509,Brooklyn Nets,12/28/16,"Harris, Joe",Hip pointer
510,Brooklyn Nets,12/27/16,"Lin, Jeremy",Strained hamstring
511,Brooklyn Nets,12/20/16,"Whitehead, Isaiah",Sore left foot
512,Brooklyn Nets,12/14/16,"Lin, Jeremy",Back tightness
513,Brooklyn Nets,12/10/2016,"Hamilton, Justin",Migraine
514,Brooklyn Nets,12/03/2016,"Booker, Trevor",Illness
515,Brooklyn Nets,11/26/16,"Hollis-Jefferson, Rondae",Sore ankle
516,Brooklyn Nets,11/15/16,"Acy, Quincy",Eye contusion
517,Brooklyn Nets,11/09/2016,"Whitehead, Isaiah",Concussion
518,Brooklyn Nets,11/02/2016,"Lin, Jeremy",Strained left hamstring
519,Brooklyn Nets,10/29/16,"Lopez, Brook",Rest
520,Brooklyn Nets,10/29/16,"Vasquez, Greivis",Sore ankle
521,Brooklyn Nets,10/28/16,"Foye, Randy",Strained hamstring
522,Brooklyn Nets,10/24/16,"LeVert, Caris",Sore foot
523,Denver Nuggets,04/12/2017,"Harris, Gary",Sore knee
524,Denver Nuggets,04/10/2017,"Mudiay, Emmanuel",Sprained right ankle
525,Denver Nuggets,04/09/2017,"Faried, Kenneth",Sore back
526,Denver Nuggets,04/08/2017,"Mudiay, Emmanuel",Sprained right ankle
527,Denver Nuggets,04/06/2017,"Nelson, Jameer",Strained right calf
528,Denver Nuggets,04/02/2017,"Nelson, Jameer",Strained right calf
529,Denver Nuggets,3/30/17,"Arthur, Darrell",Sore left knee
530,Denver Nuggets,3/30/17,"Barton, Will",Sore left foot
531,Denver Nuggets,3/30/17,"Plumlee, Mason",Left abdominal contusion
532,Denver Nuggets,3/18/17,"Arthur, Darrell",Left knee soreness
533,Denver Nuggets,3/15/17,"Chandler, Wilson",Sore right groin
534,Denver Nuggets,3/15/17,"Gallinari, Danilo",Sore knee
535,Denver Nuggets,03/08/2017,"Gallinari, Danilo",Illness
536,Denver Nuggets,03/06/2017,"Jokic, Nikola",Illness
537,Denver Nuggets,03/01/2017,"Nelson, Jameer",Illness
538,Denver Nuggets,2/27/17,"Faried, Kenneth",Back spasms
539,Denver Nuggets,2/22/17,"Arthur, Darrell",Illness
540,Denver Nuggets,2/14/17,"Arthur, Darrell",Sore left knee
541,Denver Nuggets,2/13/17,"Chandler, Wilson",Illness
542,Denver Nuggets,02/08/2017,"Faried, Kenneth",Sprained right ankle
543,Denver Nuggets,02/07/2017,"Mudiay, Emmanuel",Sore back
544,Denver Nuggets,02/02/2017,"Gallinari, Danilo",Strained groin
545,Denver Nuggets,1/31/17,"Barton, Will",Sore left ankle
546,Denver Nuggets,1/30/17,"Murray, Jamal",Illness
547,Denver Nuggets,1/27/17,"Jokic, Nikola",Left Hip Strain
548,Denver Nuggets,1/22/17,"Mudiay, Emmanuel",Sore lower back
549,Denver Nuggets,1/19/17,"Gallinari, Danilo",Sprained right ankle
550,Denver Nuggets,1/16/17,"Harris, Gary",Sprained Ankle
551,Denver Nuggets,01/12/2017,"Arthur, Darrell",Sore left lower leg
552,Denver Nuggets,01/11/2017,"Faried, Kenneth",Illness
553,Denver Nuggets,01/11/2017,"Gallinari, Danilo",Sore ankle
554,Denver Nuggets,01/07/2017,"Harris, Gary",Sore groin
555,Denver Nuggets,01/06/2017,"Jokic, Nikola",Illness
556,Denver Nuggets,01/02/2017,"Faried, Kenneth",Sore back
557,Denver Nuggets,01/01/2017,"Arthur, Darrell",Sore left knee
558,Denver Nuggets,01/01/2017,"Nelson, Jameer",Rib contusion
559,Denver Nuggets,12/12/2016,"Arthur, Darrell",Sore knee
560,Denver Nuggets,12/10/2016,"Chandler, Wilson",Sore hip
561,Denver Nuggets,12/08/2016,"Mudiay, Emmanuel",Sore ankle
562,Denver Nuggets,12/07/2016,"Murray, Jamal",Left quad contusion
563,Denver Nuggets,12/03/2016,"Gallinari, Danilo",Bruised thigh
564,Denver Nuggets,12/02/2016,"Jokic, Nikola",Sore wrist
565,Denver Nuggets,11/30/16,"Arthur, Darrell",Illness
566,Denver Nuggets,11/27/16,"Hernang?mez, Juancho",Sore ankle
567,Denver Nuggets,11/26/16,"Barton, Will",Sore ankle
568,Denver Nuggets,11/23/16,"Gallinari, Danilo",Bruised thigh
569,Denver Nuggets,11/13/16,"Chandler, Wilson",Sore left hamstring
570,Denver Nuggets,11/13/16,"Harris, Gary",Sprained right ankle
571,Denver Nuggets,11/12/2016,"Stokes, Jarnell",Sore right foot
572,Denver Nuggets,11/08/2016,"Arthur, Darrell",Sore knee
573,Denver Nuggets,11/07/2016,"Chandler, Wilson",Sore hamstring
574,Denver Nuggets,11/01/2016,"Barton, Will",Sore ankle
575,Denver Nuggets,10/29/16,"Hibbert, Roy",Sore knee
576,Denver Nuggets,10/28/16,"Harris, Gary",Sore groin
577,Denver Nuggets,10/24/16,"Arthur, Darrell",Sore knee
578,Indiana Pacers,04/10/2017,"Jefferson, Al",Sore ankle
579,Indiana Pacers,3/27/17,"Jefferson, Al",Sprained left ankle
580,Indiana Pacers,3/27/17,"Stuckey, Rodney",Sore left knee
581,Indiana Pacers,3/23/17,"Robinson III, Glenn",Sore left calf
582,Indiana Pacers,3/15/17,"Allen, Lavoy",Sore left knee
583,Indiana Pacers,3/15/17,"Stephenson, Lance",Left ankle
584,Indiana Pacers,03/05/2017,"Allen, Lavoy",Sore right knee
585,Indiana Pacers,2/24/17,"Jefferson, Al",Dental pain
586,Indiana Pacers,2/15/17,"Stephenson, Lance",Sprained left ankle
587,Indiana Pacers,2/13/17,"Allen, Lavoy",Sore right knee
588,Indiana Pacers,02/04/2017,"Young, Thaddeus",Sore wrist
589,Indiana Pacers,02/02/2017,"Stuckey, Rodney",Sprained right ankle
590,Indiana Pacers,02/01/2017,"Christmas, Rakeem",Sore right groin
591,Indiana Pacers,1/26/17,"Seraphin, Kevin",Sore left knee
592,Indiana Pacers,1/25/17,"Ellis, Monta",Sore left ankle
593,Indiana Pacers,1/23/17,"Brooks, Aaron",Sore right knee
594,Indiana Pacers,01/01/2017,"Ellis, Monta",Left ankle sprain
595,Indiana Pacers,12/27/16,"Stuckey, Rodney",Sore left hamstring
596,Indiana Pacers,12/15/16,"Stuckey, Rodney",Sore hamstring
597,Indiana Pacers,12/11/2016,"Ellis, Monta",Groin strain
598,Indiana Pacers,11/25/16,"George, Paul",Sore lower back
599,Indiana Pacers,11/23/16,"Seraphin, Kevin",Bruised knee
600,Indiana Pacers,11/21/16,"Turner, Myles",Sore ankle
601,Indiana Pacers,11/19/16,"Seraphin, Kevin",Bruised knee
602,Indiana Pacers,11/18/16,"George, Paul",Sore ankle
603,Indiana Pacers,11/18/16,"Miles, C.J.",Sore Knee
604,Indiana Pacers,11/12/2016,"George, Paul",Sore ankle
605,Indiana Pacers,11/05/2016,"Stephenson, Lance",Groin surgery
606,Indiana Pacers,10/28/16,"Stuckey, Rodney",Sore hamstring
607,Indiana Pacers,10/24/16,"Brooks, Aaron",Sore knee
608,Indiana Pacers,10/24/16,"Miles, C.J.",Sore knee
609,New Orleans Pelicans,04/08/2017,"Davis, Anthony",Sore left knee
610,New Orleans Pelicans,04/08/2017,"Moore, E'Twaun",Sprained left ankle
611,New Orleans Pelicans,04/06/2017,"Cousins, DeMarcus",Sore Achilles
612,New Orleans Pelicans,3/31/17,"Ajinca, Alexis",Sore hip
613,New Orleans Pelicans,3/25/17,"Cousins, DeMarcus",Sprained right ankle
614,New Orleans Pelicans,3/13/17,"Cunningham, Dante",Illness
615,New Orleans Pelicans,03/04/2017,"Jack, Jarrett",Lateral meniscus tear
616,New Orleans Pelicans,2/28/17,"Jack, Jarrett",Right knee soreness
617,New Orleans Pelicans,2/22/17,"Asik, Omer",Illness
618,New Orleans Pelicans,1/23/17,"Davis, Anthony",Right quad contusion
619,New Orleans Pelicans,1/17/17,"Davis, Anthony",Sprained left thumb
620,New Orleans Pelicans,01/11/2017,"Davis, Anthony",Bruised left hip
621,New Orleans Pelicans,12/17/16,"Davis, Anthony",Left lower leg contusion
622,New Orleans Pelicans,12/14/16,"Frazier, Tim",Sprained right wrist
623,New Orleans Pelicans,12/05/2016,"Holiday, Jrue",Sore toe
624,New Orleans Pelicans,12/05/2016,"Moore, E'Twaun",Sore toe
625,New Orleans Pelicans,11/25/16,"Cunningham, Dante",Right fibula fracture
626,New Orleans Pelicans,11/18/16,"Davis, Anthony",Sore quad
627,New Orleans Pelicans,11/17/16,"Ajinca, Alexis",Left shoulder strain
628,New Orleans Pelicans,11/16/16,"Davis, Anthony",Sore quad
629,New Orleans Pelicans,11/14/16,"Moore, E'Twaun",Sore right toe
630,New Orleans Pelicans,11/12/2016,"Davis, Anthony",Lower back
631,New Orleans Pelicans,11/02/2016,"Cunningham, Dante",Sore hip
632,New Orleans Pelicans,10/24/16,"Pondexter, Quincy",Knee surgery
633,New Orleans Pelicans,10/15/16,"Thompson, Hollis",Illness
634,New Orleans Pelicans,10/12/2016,"Davis, Anthony",Sprained ankle
635,New Orleans Pelicans,10/12/2016,"Moore, E'Twaun",Right heel contusion
636,Detroit Pistons,04/10/2017,"Udrih, Beno",Sprained right knee
637,Detroit Pistons,3/27/17,"Bullock, Reggie",Sprained right foot
638,Detroit Pistons,2/23/17,"Baynes, Aron",Illness
639,Detroit Pistons,02/06/2017,"Bullock, Reggie",Illness
640,Detroit Pistons,1/17/17,"Baynes, Aron",Sore left knee
641,Detroit Pistons,1/17/17,"Drummond, Andre",Sprained right knee
642,Detroit Pistons,1/13/17,"Caldwell-Pope, Kentavious",Sore left shoulder
643,Detroit Pistons,01/10/2017,"Leuer, Jon",Sore right knee
644,Detroit Pistons,01/01/2017,"Baynes, Aron",Sprained left ankle
645,Detroit Pistons,12/30/16,"Morris, Marcus",Sore left knee
646,Detroit Pistons,12/17/16,"Leuer, Jon",Back spasms
647,Detroit Pistons,12/11/2016,"Caldwell-Pope, Kentavious",Right knee contusion
648,Detroit Pistons,11/25/16,"Bullock, Reggie",Left meniscus tear
649,Detroit Pistons,11/14/16,"Drummond, Andre",Sore ankle
650,Detroit Pistons,10/26/16,"Bullock, Reggie",Sore back
651,Detroit Pistons,10/15/16,"Baynes, Aron",Lower back tightness
652,Detroit Pistons,9/15/16,"Jackson, Reggie",Sprained knee
653,Toronto Raptors,05/05/2017,"Lowry, Kyle",Left ankle sprain
654,Toronto Raptors,05/03/2017,"Lowry, Kyle",Sprained left ankle
655,Toronto Raptors,04/12/2017,"DeRozan, DeMar",Illness
656,Toronto Raptors,04/02/2017,"Tucker, P.J.",Sore left knee
657,Toronto Raptors,3/25/17,"Carroll, DeMarre",Back
658,Toronto Raptors,3/13/17,"Carroll, DeMarre",Sore ankle
659,Toronto Raptors,03/06/2017,"Carroll, DeMarre",Sprained left ankle
660,Toronto Raptors,2/24/17,"Lowry, Kyle",Sore right wrist
661,Toronto Raptors,02/04/2017,"Patterson, Patrick",Left knee contusion
662,Toronto Raptors,1/31/17,"DeRozan, DeMar",Sore right ankle
663,Toronto Raptors,1/22/17,"DeRozan, DeMar",Sprained right ankle
664,Toronto Raptors,1/18/17,"Carroll, DeMarre",Sore neck
665,Toronto Raptors,1/18/17,"Nogueira, Lucas",Concussion
666,Toronto Raptors,1/13/17,"Patterson, Patrick",Sore left knee
667,Toronto Raptors,01/10/2017,"Ibaka, Serge",Sore right shoulder
668,Toronto Raptors,12/29/16,"Patterson, Patrick",Strained left knee
669,Toronto Raptors,12/18/16,"Joseph, Cory",Illness
670,Toronto Raptors,12/14/16,"Nogueira, Lucas",Sore right knee
671,Toronto Raptors,12/09/2016,"Caboclo, Bruno",Sore right knee
672,Toronto Raptors,11/06/2016,"Valanciunas, Jonas",Sore knee
673,Toronto Raptors,10/28/16,"Nogueira, Lucas",Sore ankle
674,Toronto Raptors,10/24/16,"Wright, Delon",Sore shoulder
675,Toronto Raptors,9/17/16,"Tucker, P.J.",Back surgery
676,Houston Rockets,04/12/2017,"Williams, Troy",Sore back
677,Houston Rockets,04/10/2017,"Beverley, Patrick",Sore shoulder
678,Houston Rockets,04/08/2017,"Hilario, Nene",Sore finger
679,Houston Rockets,04/03/2017,"Dekker, Sam",Broken hand
680,Houston Rockets,04/02/2017,"Harden, James",Flu
681,Houston Rockets,3/25/17,"Anderson, Ryan",Sprained ankle
682,Houston Rockets,03/07/2017,"Anderson, Ryan",Back spasms
683,Houston Rockets,2/25/17,"Beverley, Patrick",Sore groin
684,Houston Rockets,2/15/17,"Beverley, Patrick",Left groin
685,Houston Rockets,2/13/17,"Anderson, Ryan",Sore thumb
686,Houston Rockets,02/09/2017,"Gordon, Eric",Sore back
687,Houston Rockets,02/09/2017,"Hilario, Nene",Sore shoulder
688,Houston Rockets,02/03/2017,"Hilario, Nene",Sore groin
689,Houston Rockets,1/25/17,"Gordon, Eric",Sore lower back
690,Houston Rockets,1/21/17,"Anderson, Ryan",Flu
691,Houston Rockets,1/17/17,"Anderson, Ryan",Illness
692,Houston Rockets,01/09/2017,"Gordon, Eric",Sore toe
693,Houston Rockets,01/01/2017,"Beverley, Patrick",Sore wrist
694,Houston Rockets,12/27/16,"Beverley, Patrick",Bruised left thigh
695,Houston Rockets,12/19/16,"Capela, Clint",Fractured left fibula
696,Houston Rockets,11/19/16,"Harrell, Montrezl",Sore calf
697,Houston Rockets,10/31/16,"Harden, James",Sprained left ankle
698,Houston Rockets,10/28/16,"Hilario, Nene",Sore thigh
699,Houston Rockets,10/23/16,"Beverley, Patrick",Knee surgery
700,Houston Rockets,10/12/2016,"Capela, Clint",Tight hamstring
701,San Antonio Spurs,5/21/17,"Lee, David",Torn left patellar tendon
702,San Antonio Spurs,5/14/17,"Leonard, Kawhi",Sore ankle
703,San Antonio Spurs,05/09/2017,"Leonard, Kawhi",Sprained left ankle
704,San Antonio Spurs,05/04/2017,"Parker, Tony",Ruptured tendon
705,San Antonio Spurs,4/22/17,"Dedmon, Dewayne",Illness
706,San Antonio Spurs,04/05/2017,"Ginobili, Manu",Right quad contusion
707,San Antonio Spurs,04/01/2017,"Aldridge, LaMarcus",Sprained left thumb
708,San Antonio Spurs,04/01/2017,"Green, Danny",Left quad contusion
709,San Antonio Spurs,3/23/17,"Lee, David",Sore left foot
710,San Antonio Spurs,3/13/17,"Murray, Dejounte",Sore left groin
711,San Antonio Spurs,03/11/2017,"Aldridge, LaMarcus",Heart arrhythmia
712,San Antonio Spurs,03/10/2017,"Leonard, Kawhi",Concussion
713,San Antonio Spurs,03/09/2017,"Parker, Tony",Back stiffness
714,San Antonio Spurs,2/26/17,"Parker, Tony",Sore knee
715,San Antonio Spurs,2/15/17,"Ginobili, Manu",Left ankle impingement
716,San Antonio Spurs,02/12/2017,"Simmons, Jonathon",Illness
717,San Antonio Spurs,02/06/2017,"Leonard, Kawhi",Quad contusion
718,San Antonio Spurs,02/02/2017,"Aldridge, LaMarcus",Sore right knee
719,San Antonio Spurs,1/26/17,"Simmons, Jonathon",Sprained right wrist
720,San Antonio Spurs,1/23/17,"Leonard, Kawhi",Sore hand
721,San Antonio Spurs,1/22/17,"Ginobili, Manu",Sore back
722,San Antonio Spurs,1/20/17,"Gasol, Pau",Fractured left finger
723,San Antonio Spurs,1/19/17,"Parker, Tony",Left foot pain
724,San Antonio Spurs,1/16/17,"Murray, Dejounte",Sprained Right Ankle
725,San Antonio Spurs,1/14/17,"Mills, Patty",Left calf tightness
726,San Antonio Spurs,01/10/2017,"Aldridge, LaMarcus",Illness
727,San Antonio Spurs,01/07/2017,"Lee, David",Sore knee
728,San Antonio Spurs,12/28/16,"Leonard, Kawhi",Illness
729,San Antonio Spurs,12/06/2016,"Parker, Tony",Sore thigh
730,San Antonio Spurs,11/21/16,"Laprovittola, Nicol?s",Teeth
731,San Antonio Spurs,11/21/16,"Parker, Tony",Sore knee
732,San Antonio Spurs,11/15/16,"Dedmon, Dewayne",Left knee sprain
733,San Antonio Spurs,11/03/2016,"Parker, Tony",Sore knee
734,San Antonio Spurs,11/01/2016,"Bertans, Davis",Sore leg
735,San Antonio Spurs,10/30/16,"Aldridge, LaMarcus",Rest
736,San Antonio Spurs,10/29/16,"Ginobili, Manu",Rest
737,San Antonio Spurs,10/29/16,"Parker, Tony",Rest
738,San Antonio Spurs,10/21/16,"Green, Danny",Left quad strain
739,Phoenix Suns,3/28/17,"Booker, Devin",Sore ankle
740,Phoenix Suns,3/27/17,"Barbosa, Leandro",Sore right hamstring
741,Phoenix Suns,3/23/17,"Warren, T.J.",Left foot contusion
742,Phoenix Suns,3/19/17,"Barbosa, Leandro",Illness
743,Phoenix Suns,3/19/17,"Booker, Devin",Sore ankle
744,Phoenix Suns,3/19/17,"Price, Ronnie",Leg contusion
745,Phoenix Suns,3/15/17,"Bledsoe, Eric",Left knee soreness
746,Phoenix Suns,3/15/17,"Jones Jr., Derrick",Right hip contusion
747,Phoenix Suns,3/15/17,"Knight, Brandon",Back spasms
748,Phoenix Suns,02/11/2017,"Chandler, Tyson",Sprained right ankle
749,Phoenix Suns,02/06/2017,"Bender, Dragan",Right ankle surgery
750,Phoenix Suns,02/01/2017,"Dudley, Jared",Illness
751,Phoenix Suns,1/22/17,"Bender, Dragan",Sore right ankle
752,Phoenix Suns,1/16/17,"Knight, Brandon",Sore wrist
753,Phoenix Suns,01/03/2017,"Knight, Brandon",Sprained right wrist
754,Phoenix Suns,12/22/16,"Barbosa, Leandro",Right knee tendinitis
755,Phoenix Suns,12/22/16,"Knight, Brandon",Sore right thigh
756,Phoenix Suns,12/14/16,"Knight, Brandon",Sprained left hand
757,Phoenix Suns,12/12/2016,"Len, Alex",Right hip contusion
758,Phoenix Suns,11/27/16,"Dudley, Jared",Sore foot
759,Phoenix Suns,11/19/16,"Booker, Devin",Sore ankle
760,Phoenix Suns,11/18/16,"Warren, T.J.",Illness
761,Phoenix Suns,10/31/16,"Booker, Devin",Sore toe
762,Phoenix Suns,10/26/16,"Scott, Mike",Left knee
763,Phoenix Suns,10/23/16,"Sullinger, Jared",Sore foot
764,Phoenix Suns,10/12/2016,"Jenkins, John",Abdominal strain
765,Phoenix Suns,10/12/2016,"Knight, Brandon",Left knee tendinitis
766,Phoenix Suns,10/12/2016,"Price, Ronnie",Concussion
767,Oklahoma City Thunder,04/10/2017,"McDermott, Doug",Sore left knee
768,Oklahoma City Thunder,04/06/2017,"Abrines, ?lex",Sprained left knee
769,Oklahoma City Thunder,04/06/2017,"Roberson, Andre",Sore left knee
770,Oklahoma City Thunder,3/31/17,"Gibson, Taj",Illness
771,Oklahoma City Thunder,2/24/17,"Oladipo, Victor",Back spasms
772,Oklahoma City Thunder,02/08/2017,"Abrines, ?lex",Back
773,Oklahoma City Thunder,1/29/17,"Gibson, Taj",Sore ankle
774,Oklahoma City Thunder,1/26/17,"Kanter, Enes",Fractured hand
775,Oklahoma City Thunder,1/17/17,"Gibson, Taj",Sore ankle
776,Oklahoma City Thunder,1/16/17,"Adams, Steven",Concussion
777,Oklahoma City Thunder,01/01/2017,"Abrines, ?lex",Concussion
778,Oklahoma City Thunder,12/26/16,"McDermott, Doug",Sore shin
779,Oklahoma City Thunder,12/11/2016,"Oladipo, Victor",Sprained right wrist
780,Oklahoma City Thunder,12/04/2016,"Adams, Steven",Sprained left ankle
781,Oklahoma City Thunder,11/18/16,"Christon, Semaj",Concussion
782,Oklahoma City Thunder,11/12/2016,"McDermott, Doug",Concussion
783,Oklahoma City Thunder,11/01/2016,"McDermott, Doug",Concussion
784,Oklahoma City Thunder,10/16/16,"Abrines, ?lex",Bruised right hip
785,Oklahoma City Thunder,10/15/16,"Roberson, Andre",Left knee soreness
786,Minnesota Timberwolves,3/15/17,"Bjelica, Nemanja",Left ankle
787,Minnesota Timberwolves,03/08/2017,"Rush, Brandon",Illness
788,Minnesota Timberwolves,2/23/17,"Casspi, Omri",Broken thumb
789,Minnesota Timberwolves,02/04/2017,"LaVine, Zach",Torn ACL
790,Minnesota Timberwolves,02/04/2017,"Payne, Adreian",Illness
791,Minnesota Timberwolves,02/03/2017,"Dunn, Kris",Sore right hand
792,Minnesota Timberwolves,1/22/17,"Rubio, Ricky",Sore hip
793,Minnesota Timberwolves,1/17/17,"Casspi, Omri",Strained calf
794,Minnesota Timberwolves,01/10/2017,"LaVine, Zach",Left hip contusion
795,Minnesota Timberwolves,01/06/2017,"Muhammad, Shabazz",Illness
796,Minnesota Timberwolves,12/16/16,"Casspi, Omri",Illness
797,Minnesota Timberwolves,12/09/2016,"Bjelica, Nemanja",Sore right ankle
798,Minnesota Timberwolves,11/28/16,"Rush, Brandon",Sprained right big toe
799,Minnesota Timberwolves,11/13/16,"LaVine, Zach",Sore knee
800,Minnesota Timberwolves,11/13/16,"Muhammad, Shabazz",Sore knee
801,Minnesota Timberwolves,11/13/16,"Rush, Brandon",Sore toe
802,Minnesota Timberwolves,11/01/2016,"Casspi, Omri",Illness
803,Minnesota Timberwolves,10/31/16,"Rubio, Ricky",Sore elbow
804,Minnesota Timberwolves,10/03/2016,"Pekovic, Nikola",Sore right foot
805,Portland Trail Blazers,4/24/17,"Nurkic, Jusuf",Right leg
806,Portland Trail Blazers,4/18/17,"McCollum, C.J.",Sprained right ankle
807,Portland Trail Blazers,4/15/17,"Quarterman, Tim",Concussion
808,Portland Trail Blazers,04/08/2017,"Crabbe, Allen",Sore left foot
809,Portland Trail Blazers,3/31/17,"Nurkic, Jusuf",Right leg fibular fracture
810,Portland Trail Blazers,03/01/2017,"Davis, Ed",Shoulder surgery
811,Portland Trail Blazers,2/14/17,"Aminu, Al-Farouq",Sprained left knee
812,Portland Trail Blazers,02/08/2017,"Turner, Evan",Broken hand
813,Portland Trail Blazers,1/25/17,"Harkless, Maurice",Sore left calf
814,Portland Trail Blazers,1/21/17,"Davis, Ed",Sprained right wrist
815,Portland Trail Blazers,1/17/17,"Davis, Ed",Sprained left ankle
816,Portland Trail Blazers,1/13/17,"Harkless, Maurice",Strained calf
817,Portland Trail Blazers,12/26/16,"Lillard, Damian",Sprained left ankle
818,Portland Trail Blazers,12/20/16,"Turner, Evan",Sore left ankle
819,Portland Trail Blazers,12/14/16,"Aminu, Al-Farouq",Back contusion
820,Portland Trail Blazers,12/09/2016,"Aminu, Al-Farouq",Back contusion
821,Portland Trail Blazers,12/08/2016,"Harkless, Maurice",Sore ankle
822,Portland Trail Blazers,11/09/2016,"Aminu, Al-Farouq",Sore calf
823,Portland Trail Blazers,10/24/16,"Ezeli, Festus",Sore knee
824,Portland Trail Blazers,10/24/16,"Napier, Shabazz",Sore ankle
825,Portland Trail Blazers,10/16/16,"Leonard, Meyers",Lower back
826,Golden State Warriors,5/17/17,"Pachulia, Zaza",Right heel contusion
827,Golden State Warriors,5/14/17,"Iguodala, Andre",Sore left knee
828,Golden State Warriors,4/24/17,"Livingston, Shaun","Sprained right finger, hand contusion"
829,Golden State Warriors,4/18/17,"Durant, Kevin",Left calf strain
830,Golden State Warriors,04/10/2017,"Barnes, Matt",Sprained right ankle and foot
831,Golden State Warriors,04/10/2017,"Looney, Kevon",Strained left hip
832,Golden State Warriors,04/07/2017,"Curry, Stephen",Left knee contusion
833,Golden State Warriors,3/31/17,"Looney, Kevon",Sore hip
834,Golden State Warriors,3/31/17,"McCaw, Patrick",Leg cramps
835,Golden State Warriors,3/21/17,"Iguodala, Andre",Left hip strain
836,Golden State Warriors,2/28/17,"Durant, Kevin",Hyperextended left knee
837,Golden State Warriors,2/25/17,"Durant, Kevin",Left hand contusion
838,Golden State Warriors,2/13/17,"Thompson, Klay",Heel
839,Golden State Warriors,02/02/2017,"Green, Draymond",Left shoulder contusion
840,Golden State Warriors,02/01/2017,"Livingston, Shaun",Mid-back strain
841,Golden State Warriors,02/01/2017,"Pachulia, Zaza",Strained rotator cuff
842,Golden State Warriors,1/27/17,"Curry, Stephen",Sore left quad
843,Golden State Warriors,1/19/17,"West, David",Fractured left thumb
844,Golden State Warriors,01/02/2017,"McGee, JaVale",Illness
845,Golden State Warriors,01/01/2017,"Livingston, Shaun","Left hip, right elbow contusions"
846,Golden State Warriors,12/30/16,"McCaw, Patrick",Illness
847,Golden State Warriors,12/16/16,"West, David",Bruised right hip
848,Golden State Warriors,12/10/2016,"Looney, Kevon",Ankle sprain
849,Golden State Warriors,12/10/2016,"Pachulia, Zaza",Sore wrist
850,Golden State Warriors,11/26/16,"Clark, Ian",Bruised throat
851,Golden State Warriors,11/26/16,"Green, Draymond",Sore ankle
852,Golden State Warriors,10/29/16,"McCaw, Patrick",Sore ankle
853,Golden State Warriors,10/26/16,"Jones, Damian",Torn pectoral
854,Washington Wizards,4/30/17,"Morris, Markieff",Sore ankle
855,Washington Wizards,4/22/17,"Porter, Otto",Strained neck
856,Washington Wizards,4/17/17,"Oubre Jr., Kelly",Bruised knee
857,Washington Wizards,4/17/17,"Smith, Jason",Left knee contusion
858,Washington Wizards,4/15/17,"Mahinmi, Ian",Strained calf
859,Washington Wizards,04/10/2017,"Wall, John",Sore quad
860,Washington Wizards,04/08/2017,"Porter, Otto",Sore back
861,Washington Wizards,04/06/2017,"Morris, Markieff",Sore right ankle
862,Washington Wizards,04/01/2017,"Morris, Markieff",Right ankle
863,Washington Wizards,3/25/17,"Bogdanovic, Bojan",Lower back stiffness
864,Washington Wizards,3/18/17,"Morris, Markieff",Illness
865,Washington Wizards,3/15/17,"Wall, John",Sprained left foot
866,Washington Wizards,2/15/17,"Jennings, Brandon",Sore left Achilles
867,Washington Wizards,2/14/17,"Burke, Trey",Sore forearm
868,Washington Wizards,02/08/2017,"Morris, Markieff",Sore calf
869,Washington Wizards,01/10/2017,"Satoransky, Tomas",Illness
870,Washington Wizards,12/28/16,"Beal, Bradley",Right ankle
871,Washington Wizards,12/21/16,"Porter, Otto",Back spasms
872,Washington Wizards,12/17/16,"Oubre Jr., Kelly",Concussion
873,Washington Wizards,12/14/16,"Morris, Markieff",Sore left foot
874,Washington Wizards,11/28/16,"Mahinmi, Ian",Sore knee
875,Washington Wizards,11/21/16,"Porter, Otto",Right hip inflammation
876,Washington Wizards,11/09/2016,"Beal, Bradley",Sore right hamstring
877,Washington Wizards,10/24/16,"Smith, Jason",Sore ribs
878,Washington Wizards,10/15/16,"Mahinmi, Ian",Torn meniscus
879,Washington Wizards,10/09/2016,"Gortat, Marcin",Sore glute